
{ 
"FRCTeams" : {    
    "TeamName" : "Titian Robotics", 
    "TeamNumber" : 5431, 
    "TeamType" : "Senior", 
    "RobotType" : "Null", 
    "TeamBio" : "Null",
    "PerformanceData(1)" : {
        "MatchNumber" : "" ,
        "Alliance" : "", 
        /*
            Game Piece Scores and speeds 
        */
        "PortcullisScore" : "",
        "PortcullisSpeed" : "", 
        "RampartsSpeed" : "",
        "RampartsScore" : "",
        "RockWallScore" : "",
        "RockWallSpeed" : "", 
        "RoughTerrainScore" : "",
        "RoughTerrainSpeed" : "", 
        "SallyPortScore" : "",
        "SallyPortSpeed" : "",  
        "Cheval-de-FriseScore" : "",
        "Cheval-de-FriseSpeed" : "", 
        "DrawbridgeScore" : "",
        "DrawbridgeSpeed" : "", 
        "LowBarScore" : "",
        "LowBarSpeed" : "",
        "MoatScore" : "",
        "MoatSpeed" : "", 
        /*
            Game Field Stats 
        */
        "LowGoalScores" : "", 
        "LowGoalFails" : "",
        "DefensivePushing" : "", 
        "ClimbingTower" : "", 
        "HighGoalScore" : "", 
        "HighGoalFails" : "", 
        "BoulderPickup" : "", 
        "ChallengedTowers" : "",
        /*
            Auto Task Statistics 
        */ 
        "BoulderStart" : "", 
        "DefenseReached" : "", 
        "CrossedDefense" : "", 
        "LowGoalScore" : "", 
        "HighGoalScore" : "" 
           }
    }
}

 